question_id,question,category,answerable,reference_answer,evidence_doc,full_context_answer,selected_doc_count,context_chars,error
Q001,What office hours are stated for Federal Budgeting Process in Spring 2023?,factual_extraction,yes,Office hours are by appointment.,1. Syllabus 2023.txt,The office hours for the Federal Budgeting Process course in Spring 2023 are by appointment. The professor's email is provided as <PROF_EMAIL>.,1,6956,
Q002,What penalty is stated for more than two unexcused absences in 1. Syllabus 2023?,factual_extraction,yes,More than two unexcused absences will result in a drop of at least one letter grade.,1. Syllabus 2023.txt,The penalty for more than two unexcused absences is a drop of at least one letter grade.,1,6956,
Q003,When are absences excused in 1. Syllabus 2023?,factual_extraction,yes,"Absences are excused if they are supported by an appropriate document, such as documentation from the dean or a doctor.",1. Syllabus 2023.txt,"Absences are excused if supported by an appropriate document (i.e., from the dean or doctor).",1,6956,
Q004,What penalty is stated for late assignments in 1. Syllabus 2023?,factual_extraction,yes,"Assignments must be turned in on the due date; otherwise, students are subject to a drop of at least one letter grade per day.",1. Syllabus 2023.txt,The penalty for late assignments is a drop of at least one letter grade per day.,1,6956,
Q005,What grade consequence is stated for academic dishonesty in 1. Syllabus 2023?,factual_extraction,yes,Academic dishonesty in any form will not be tolerated and will result in a grade of zero.,1. Syllabus 2023.txt,"The grade consequence for academic dishonesty, which is defined as ""All students are expected to act in an ethical manner. Academic dishonesty in any form will not be tolerated and will result in a grade of zero,"" is stated in the syllabus.",1,6956,
Q006,What is the final presentation requirement in 1. Syllabus 2023?,factual_extraction,yes,Each student will make a final presentation on an agency's FY 2024 budget proposal.,1. Syllabus 2023.txt,"The final presentation requirement in the syllabus is that each student will make a presentation on an agency's FY 2024 budget proposal. The proposal should be developed taking into consideration previous budgets and requests. Prior to the presentation, the student will provide the class with a draft of their proposal. The presentations will be reviewed based on the content and quality of the presentations. Presentations are made to the class (acting as congressional appropriation staff) and should be 5 minutes long with an additional 5 minutes for questions and discussion.",1,6956,
Q007,How is the assessment divided in 1. Syllabus 2023?,factual_extraction,yes,"The assessment consists of one-page memos worth 30%, the final presentation worth 30%, and overall class participation worth 40%.",1. Syllabus 2023.txt,"The assessment for this course in 1. Syllabus 2023 is divided as follows:

- One-page memos: 30%
- Final presentation: 30%
- Overall class participation: 40%

This breakdown covers the total percentage of the final grade, which is 100%.",1,6956,
Q008,What assignment is due on February 11 in 1. Syllabus 2023?,factual_extraction,yes,The February 11 assignment is a one-page memo comparing an agency's FY 2021 budget for a specific program with the program's FY 2022 budget.,1. Syllabus 2023.txt,The assignment due on February 11 in 1. Syllabus 2023 is to write a one-page memo comparing an agency's FY 2021 budget for a specific program and the program's FY 2022 budget. You will need to use the agency's FY 2021 and FY 2022 appropriation bills and their FY 2022 budget justification.,1,6956,
Q009,What assignment is due on February 18 in 1. Syllabus 2023?,factual_extraction,yes,The February 18 assignment is a one-page memo comparing the President's FY 2023 budget request for a specific program within an agency to the program's FY 2022 budget.,1. Syllabus 2023.txt,"On February 18, students are assigned to write a one-page memo comparing the President's FY 2023 budget request for a specific program within an agency to the program's FY 2022 budget. They will need to use the agency's FY 2022 and FY 2023 appropriation bills and budget justifications.",1,6956,
Q010,What topic is scheduled for February 21 in 1. Syllabus 2023?,factual_extraction,yes,"The February 21 topic covers budget preparation, the President's budget, budget execution, and the agency budget formulation process.",1. Syllabus 2023.txt,"The topic scheduled for February 21 in the syllabus is ""Budget preparation and the President's budget, and budget execution"". This includes an examination of the agency budget formulation process, including OMB’s review of agency requests and the formulation of the president's budget. It also involves examining the President's FY 2023 budget and discussing the implementation stage of federal budgeting, which is managing agency finances and assessing results. Additionally, it covers performance-based management at the federal level and agencies' strategic plans.",1,6956,
Q011,What budget is examined in 1. Syllabus 2023?,factual_extraction,yes,The syllabus states that students examine the President's FY 2023 budget.,1. Syllabus 2023.txt,"Based on the provided syllabus, no specific federal budget year is explicitly mentioned for examination in Module 1 (February 7). The module covers an introduction to the federal budget process and includes discussions of various aspects such as the authorization/appropriations process, budget preparation, and execution. It does not specify a particular fiscal year budget that will be examined or compared within this module.

Therefore, the syllabus does not provide enough information to determine which specific federal budget is being examined in Module 1 (February 7).",1,6956,
Q012,What office hours information is stated in 101-f22-syll?,factual_extraction,yes,"The instructor's office hours are Wednesday 12:00-1:00 and by email. Teaching assistants also list office hours, including Friday 8:00-10:00, Monday/Wednesday 2:30-3:30, and Thursday 2:00-4:00.",101-f22-syll.txt,"The syllabus provides the following office hours for the course:

- <PROF_FULL_NAME> has office hours on Wednesday from 12 to 1 PM, and by email.
- The teaching assistants have their own office hours:
  - <TA_FULL_NAME> (<TA_EMAIL>) is available in ILC N421H with office hours on Friday (Sections AF) from 8 AM to 10 AM.
  - Another <TA_FULL_NAME> (<TA_EMAIL>) has office hours on Friday (Sections AA, AB) at Hasbrouck Lab Add 104B from 1.25 PM to 2.15 PM.
  - The third <TA_FULL_NAME> (<TA_EMAIL>) is available in ILC N431G with office hours on Thursday from 2 PM to 4 PM, and at Hasbrouck Lab 228 for Sections AE, and at Hasbrouck Lab 138 for Sections AB.

These are the details provided about the office hours in the syllabus.",1,10459,
Q013,What topic related to dialect prejudice is stated in 101-f22-syll?,factual_extraction,yes,The course states that it will closely examine the pernicious effects of dialect prejudice.,101-f22-syll.txt,"The course discusses the topic of dialect prejudice. Specifically, it examines how accents and dialects are important markers of regional and social identity and looks at the pernicious effects of dialect prejudice.

This information can be found under the section ""Misconceptions about and attitudes toward dialects, in particular dialect prejudice"" in the Course Objective part of the syllabus.",1,10459,
Q014,What file format is required for assignments in 101-f22-syll?,factual_extraction,yes,All assignments must be submitted in PDF format unless otherwise indicated.,101-f22-syll.txt,Assignments must be submitted in pdf format unless otherwise indicated.,1,10459,
Q015,When and where are lectures held in 101-f22-syll?,factual_extraction,yes,"Lectures are held on Monday and Wednesday from 1:25 to 2:15 in Morrill Science II, Room 131.",101-f22-syll.txt,"Lectures for LINGUIST 101 (49624) MW 1.25-2.15 are held in Morrill Science (II), Room 131.",1,10459,
Q016,Why should students attend discussion sections in 101-f22-syll?,factual_extraction,yes,"Students should attend discussion sections because they will do group problem solving and mini-assignments there, which constitute a sizeable part of the grade.",101-f22-syll.txt,"Students should attend discussion sections in LINGUIST 101 (F22) because they are an essential part of the course, constituting a significant portion of their grade. Discussion sections provide opportunities for group problem solving and mini-assignments that help students develop analytical skills and work effectively with others. Additionally, these sessions allow students to receive feedback on their work from both the instructor and teaching assistants, which can be crucial for improving their understanding of the course material. Students are encouraged to communicate with instructors and TAs if they miss a section or need accommodations due to personal reasons.",1,10459,
Q017,What should a student do if they are absent from discussion in 101-f22-syll?,factual_extraction,yes,The student should let the TA know; the syllabus states that the student will not be penalized and the TA will make an accommodation.,101-f22-syll.txt,"If a student is absent from the discussion section of LINGUIST 101 (F22), they should inform their Teaching Assistant (TA) as soon as possible. The TA will make an accommodation for the absence, and there will be no penalty if the student notifies them in advance.",1,10459,
Q018,How much of the course grade is made up by homework assignments in 101-f22-syll?,factual_extraction,yes,Homework assignments make up 50% of the course grade.,101-f22-syll.txt,Homework Assignments make up 50% of the course grade.,1,10459,
Q019,How must assignments be submitted in 101-f22-syll?,factual_extraction,yes,Assignments must be typed and submitted electronically via Moodle in PDF format unless otherwise indicated.,101-f22-syll.txt,"Assignments for LINGUIST 101 (49624) Fall 2022 need to be submitted in PDF format, unless otherwise indicated. They should be typed and submitted electronically via Moodle. Late assignments will be accepted as long as they are submitted at the beginning of the class period immediately following the due date, with a penalty for being late. No credit is given after the extended due date, except for exceptions related to religious observance or serious illness.",1,10459,
Q020,Where will assignment due dates be provided in 101-f22-syll?,factual_extraction,yes,Due dates will be given in the instructions for assignments.,101-f22-syll.txt,"Assignment due dates will be provided in the instructions for assignments. These instructions will likely be posted on Moodle, where all course materials are made available.",1,10459,
Q021,Which budget-related resources are listed in 1. Syllabus 2023?,rule_understanding,yes,"The syllabus lists resources such as the Office of Management and Budget, the Congressional Budget Office, Congressional legislation information, past President budget proposals, and budget-related government resources.",1. Syllabus 2023.txt,"The course materials mentioned in the syllabus include:

- Office of Management and Budget (OMB) at http://www.whitehouse.gov/omb/
- Congressional Budget Office (CBO) at http://www.cbo.gov/
- Congressional Legislation Information at https://www.congress.gov/
- Past President Budget Proposals at http://www.gpo.gov/fdsys/browse/collectionGPO.action?collectionCode=BUDGET
- Federal Government Performance and Results Act (GPRA) Modernization Act's online centralized performance reporting portal at Federal-Government-Performance-and-Results-Act-(GPRA)-Modernization-Act
- Glossary Terms Used in the Federal Budget Process and a Comprehensive Description of the Budget Process from GAO at http://www.gao.gov/new.items/d05734sp.pdf
- The Long-Term Budget Outlook: CBO's report available at https://www.cbo.gov/publication/58269
- Congressional Legislation Information at https://www.congress.gov/

Additionally, there are useful government websites such as the Office of Management and Budget (OMB), Congressional Budget Office (CBO), and other related resources.",1,6956,
Q022,What rule applies to academic dishonesty in 1. Syllabus 2023?,rule_understanding,yes,Academic dishonesty in any form will not be tolerated and will result in a grade of zero.,1. Syllabus 2023.txt,"The rule regarding academic dishonesty is that all students are expected to act in an ethical manner, and any form of academic dishonesty will result in a grade of zero.",1,6956,
Q023,What class participation rule is stated in 1. Syllabus 2023?,rule_understanding,yes,Students must be prepared to actively participate during class.,1. Syllabus 2023.txt,The class participation rule stated in the syllabus is that students must be prepared to actively participate during class.,1,6956,
Q024,What assignment format rule is stated in 101-f22-syll?,rule_understanding,yes,All assignments must be submitted in PDF format unless otherwise indicated.,101-f22-syll.txt,"The assignment format rule stated in the syllabus is that all assignments must be submitted in PDF format, unless otherwise indicated. Additionally, late assignments will lose twenty percent of the total points if submitted after the extended due date, with exceptions for religious observance or serious illness.",1,10459,
Q025,Where will required class materials be posted in 101-f22-syll?,rule_understanding,yes,"All class materials, including required readings, will be posted on Moodle.",101-f22-syll.txt,Required class materials will be posted on Moodle.,1,10459,
Q026,What does 101-f22-syll say about critical thought?,rule_understanding,yes,Critical thought is required in all areas of the course.,101-f22-syll.txt,"According to the syllabus provided in [Document 1: 101_f22_syll], the course aims to develop and practice skills of critical thinking, reasoning, communication, and integration of knowledge and perspectives. This is part of Objective #5 from the UMass Amherst General Education Learning Objectives.

The syllabus specifically states:

""Objective #5: Develop and practice the skills of critical thinking, reasoning, communication, and integration of knowledge and perspectives, including...""

This indicates that critical thought is a key component of the course objectives.",1,10459,
Q027,What electronic submission rule is stated in 101-f22-syll?,rule_understanding,yes,Assignments must be typed and submitted electronically via Moodle in PDF format unless otherwise indicated.,101-f22-syll.txt,"The course requires all assignments to be typed and submitted electronically via Moodle in pdf format unless indicated otherwise. Late assignments will be accepted as long as they are submitted at the beginning of the class period immediately following the due date, with a penalty for late submissions. No credit is given after the extended due date, except under specific circumstances such as religious observance or serious illness.",1,10459,
Q028,What academic dishonesty policy is stated in 101-f22-syll?,rule_understanding,yes,"Students should become familiar with the university policy on academic dishonesty, including plagiarism, copying someone else's responses, and allowing others to copy their work.",101-f22-syll.txt,"The course policy on academic dishonesty states that plagiarism, copying someone else's responses to any assignments, projects, and exams, and allowing others to copy your work are considered academic dishonesty. Appropriate action will be taken for such instances.",1,10459,
Q029,How does 101-f22-syll briefly define plagiarism?,rule_understanding,yes,Plagiarism refers to passing off someone else's work as your own.,101-f22-syll.txt,"According to the course syllabus provided in [Document 1: 101_f22_syll], plagiarism is defined as passing off someone else's responses to any assignments, projects, and exams, and allowing others to copy your work.",1,10459,
Q030,What forms of copying are considered academic dishonesty in 101-f22-syll?,rule_understanding,yes,"Copying someone else's responses to assignments, projects, or exams, and allowing others to copy your work, are considered academic dishonesty.",101-f22-syll.txt,"Copying someone else's responses to any assignments, projects, and exams, and allowing others to copy your work are considered academic dishonesty.",1,10459,
Q031,Is the book required in 130 syllabus 2 S 2023?,rule_understanding,yes,"No. The book is recommended but not required, and it is available as an eText.",130 syllabus_2 S 2023.txt,"The course document does not explicitly state whether the book is required or not. It only mentions that information on the book for this course is available on the Moodle page and notes that it is recommended but not required, being available as an etext.",2,12000,
Q032,What designation requirement is stated for Nutrition 130 in 130 syllabus 2 S 2023?,rule_understanding,yes,Nutrition 130 must meet certain criteria to meet the BS designation.,130 syllabus_2 S 2023.txt,"Nutrition 130 must meet certain criteria to meet the BS (Basic Science) designation. The criteria and the means of addressing them in this class are listed below.

The course should cover the fundamental principles of science.
The course should include critical thinking.
The course should address the relevance of the science and its impact on society.",2,12000,
Q033,What grading components are listed for Nutrition 130 in 130 syllabus 2 S 2023?,rule_understanding,yes,"The listed grading components include four exams worth 36%, lecture iClicker questions worth 12%, in-class writing worth 8%, discussion attendance and participation worth 10%, and several homework or activity assignments.",130 syllabus_2 S 2023.txt,"The grading components listed for Nutrition 130 (NUTRITION 130) in the Spring 2023 syllabus are as follows:

- **Exams**: 4 exams, each worth 8% of the final grade.
- **Lecture iClicker Questions**: 12%.
- **In-class writing**: Must be completed online on the day a topic is introduced in lecture and is worth 8%.
- **Discussion attendance and participation**: 10%.
- **Discussion Activities**: These include various assignments such as CHO Calculation, Lipid Assignment, Macronutrient Analysis, Micronutrient Analysis, Hidden Salt Kcal Eating out Eating Cues, etc., each contributing to the final grade. The total for these activities is 11%.
- **Food Intake Analysis**: Worth 6% of the final grade.
- **Diet Modification**: Includes individual and group work, worth 6% of the final grade.
- **Website Review Assignment**: Worth 6% of the final grade.
- **News Article**: Worth 5% of the final grade.
- **Homework Total**: The total for all homework assignments is also reviewed in discussion (before they are due on Moodle) and is worth a higher percent of your final grade, totaling 23%.

In addition to these, there are extra credit opportunities that can be earned up to a maximum of 5 credits. These include:
- **Grocery Store Tour**: 2 extra credit points.
- **Nutrition Counseling Volunteer**: 1 credit per time.
- **Extra Credit Responses to Reading posted on Moodle**: 0.25 points for each questionnaire.
- **Discussion Extra Credit**: 2 at the discretion of your TA.

The total percentage breakdown is 100%.",2,12000,
Q034,What exception affects make-up exam penalties in 130 syllabus 2 S 2023?,exception_handling,yes,Students requesting a make-up exam after the actual exam are subject to a 20% grade penalty unless they can provide an excuse for missing the exam.,130 syllabus_2 S 2023.txt,"The exception affecting make-up exam penalties in the Nutrition 130 syllabus 2S 2023 states that students will be subject to a 20% grade penalty unless they can provide an excuse for missing the exam. To be fair to the other students in the class, we ask that you provide a medical note or other proof of conflict.",2,12000,
Q035,When must the video or reading questionnaire questions be completed in 130 syllabus 2 S 2023?,rule_understanding,yes,They must be completed on the day the topic is presented in lecture.,130 syllabus_2 S 2023.txt,"The document does not provide specific information about when the video or reading questionnaire questions for extra credit opportunities need to be completed. It mentions that these assignments are posted on Moodle and worth a certain percentage of your final grade, but it does not specify deadlines for completing them.",2,12000,
Q036,Will the analysis required for the questionnaire questions be on the exam in 130 syllabus 2 S 2023?,rule_understanding,yes,No. The analysis required to answer those questions will not be on the exam.,130 syllabus_2 S 2023.txt,,2,12000,HTTP Error 500: Internal Server Error
Q037,What late submission penalty is stated in 130 syllabus 2 S 2023?,rule_understanding,yes,"Late submissions are allowed, but there is a 10% deduction for every day the work is late.",130 syllabus_2 S 2023.txt,"The syllabus does not state any specific late submission penalty for homework assignments. It mentions that the lowest two scores from in-class writing prompts will be dropped, but it does not mention a penalty for late submissions.",2,12000,
Q038,What must a student do if they are sick before discussion in 130 syllabus 2 S 2023?,rule_understanding,yes,The student must email their TA before the discussion if they are sick and have no medical note.,130 syllabus_2 S 2023.txt,"If a student is sick and cannot attend their scheduled discussion, they should make up for the missed work by contacting their Discussion TA. The course document states that students can contact their Discussion TAs only if they have questions about grades for homework or discussion assignments on Moodle, or if they want to make up for missing discussion work. For other inquiries, such as absences or exam make-up requests, students should email <EMAIL>.",2,12000,
Q039,What is required to earn full credit on video or reading questionnaires in 130 syllabus 2 S 2023?,rule_understanding,yes,"To earn full credit, the writer must provide a thoughtful response.",130 syllabus_2 S 2023.txt,"Based on the information provided in the course syllabus, extra credit opportunities for video or reading questionnaires are not explicitly mentioned. The syllabus details various homework assignments and their respective weights towards the final grade, but it does not specify any particular weight or requirements for completing video or reading questionnaires. Therefore, without additional specific information about these types of extra credit opportunities in this course, I cannot determine what is required to earn full credit on them.",2,12000,
Q040,What kind of answer is required for full credit on video or reading questionnaires in 130 syllabus 2 S 2023?,rule_understanding,yes,"The answer must be thoughtful and accurate, answer the question posed, or defend an opinion accurately using information from the reading.",130 syllabus_2 S 2023.txt,"Based solely on the information provided in the course documents, there is no specific statement about what kind of answer is required for full credit on video or reading questionnaires. The documents mention that extra-credit assignments will require critical thinking and ask you to read an article or watch a media piece and complete a questionnaire based on what you learned. However, they do not specify the type of answers needed for these assignments to receive full credit.",2,12000,
Q041,"If a student participates in discussion but has more than two unexcused absences in 1. Syllabus 2023, what should they understand?",multi_condition_reasoning,yes,"Discussion participation is important, but more than two unexcused absences still result in a drop of at least one letter grade.",1. Syllabus 2023.txt,"A student who participates in discussions but has more than two unexcused absences will not be able to maintain their current grade level as per the class policies outlined in the syllabus. More than two unexcused absences will result in a drop of at least one letter grade. Therefore, understanding this is crucial for maintaining their academic standing and grades in the course.",1,6956,
Q042,"If a student uses a cell phone in class and also has more than two unexcused absences in 1. Syllabus 2023, what policies apply?",multi_condition_reasoning,yes,"Cell phone use is not permitted in the classroom, and more than two unexcused absences result in a drop of at least one letter grade.",1. Syllabus 2023.txt,"Based on the course policies outlined in the syllabus:

- If a student uses a cell phone during class, they would be subject to a drop of at least one letter grade as per the policy stating that ""cell phone use is not permitted inside the classroom as a courtesy to the entire class.""
  
- Additionally, if a student has more than two unexcused absences in 1. Syllabus 2023, they would be subject to a drop of at least one letter grade due to the policy stating that ""More than two unexcused absences will result in a drop of at least one letter grade.""

Therefore, both policies apply: using a cell phone during class results in a grade penalty, and having more than two unexcused absences also results in a grade penalty. The student would face a cumulative impact on their grade due to these violations.",1,6956,
Q043,"If a student does not participate and also has more than two unexcused absences in 1. Syllabus 2023, what should they understand?",multi_condition_reasoning,yes,"Participation is necessary for building the class community, and more than two unexcused absences result in a drop of at least one letter grade.",1. Syllabus 2023.txt,"Based on the information provided in the syllabus for Spring 2023, if a student does not participate actively in class and also accumulates more than two unexcused absences, they will face consequences. Specifically, more than two unexcused absences will result in a drop of at least one letter grade.

Therefore, what the student should understand is that their participation level and attendance are crucial for maintaining good standing in this course. Active class participation and being present on time are expected to build a creative, comfortable, and intellectually stimulating learning community as outlined in the class policies.",1,6956,
Q044,"If a student participates inconsistently and has more than two unexcused absences in 1. Syllabus 2023, what grading issue may arise?",multi_condition_reasoning,yes,"Consistent participation supports the class learning community, and more than two unexcused absences result in a drop of at least one letter grade.",1. Syllabus 2023.txt,"If a student participates inconsistently and has more than two unexcused absences in this course, they may face a drop of at least one letter grade due to the class attendance policy stated in the syllabus.",1,6956,
Q045,"If a student has more than two absences but provides appropriate documentation in 1. Syllabus 2023, what should be considered?",multi_condition_reasoning,yes,"More than two unexcused absences result in a grade drop, but absences may be excused if supported by appropriate documentation from the dean or a doctor.",1. Syllabus 2023.txt,"If a student has more than two unexcused absences but provides appropriate documentation (such as from the dean or doctor), their absence will be excused and they may not face a drop of at least one letter grade. However, it is important to note that the primary policy states that more than two unexcused absences result in a drop of at least one letter grade. The provision for appropriate documentation serves as an exception to this rule, allowing for some leniency under certain conditions.",1,6956,
Q046,"If a student has a documented absence and submits an assignment late in 1. Syllabus 2023, what policies are relevant?",multi_condition_reasoning,yes,"A documented absence may be excused, but assignments must still be turned in on the due date or students may face a drop of at least one letter grade per day.",1. Syllabus 2023.txt,"The relevant policy for a student with a documented absence who submits an assignment late is the ""No late assignments"" policy. This policy states that all students will be held to the same standards and that assignments are to be turned in promptly on the date they are due, or students will be subject to a drop of at least one letter grade per day. Since the student has a documented absence, this means their assignment would be penalized with a drop of at least one letter grade for being late.",1,6956,
Q047,"If a student argues for fairness but turns in an assignment late in 1. Syllabus 2023, what rule still applies?",multi_condition_reasoning,yes,"Fairness is emphasized, but assignments must be turned in on time or students may be subject to a drop of at least one letter grade per day.",1. Syllabus 2023.txt,"The rule that still applies if a student argues for fairness but turns in an assignment late is no late assignments. Fairness is an important aspect of building community and all students will be held to the same standards regarding prompt submission of assignments. Therefore, even if a student argues for fairness by turning in their work late, they would still face a drop of at least one letter grade per day for being late.",1,6956,
Q048,"If all students are held to the same standards and an assignment is late in 1. Syllabus 2023, what consequence is stated?",multi_condition_reasoning,yes,"All students are held to the same standards, and late assignments may result in a drop of at least one letter grade per day.",1. Syllabus 2023.txt,"If an assignment is late for a student who is held to the same standards as other students due to fairness being an important aspect of building community, the consequence stated is that all students will be subject to a drop of at least one letter grade per day.",1,6956,
Q049,"If a student submits work late and also arrives late or leaves early in 1. Syllabus 2023, what two issues are stated?",multi_condition_reasoning,yes,"Late assignments may result in a drop of at least one letter grade per day, and arriving late or leaving early disrupts the flow of the class.",1. Syllabus 2023.txt,"The course policies state that if a student submits work late, they will face a drop of at least one letter grade per day. Additionally, the policy states that when people arrive late or leave early it disrupts the flow of the class and should be an exception only with prior consultation.

So, the two issues stated are:
1. Submitting work late
2. Arriving late or leaving early without prior consultation",1,6956,
Q050,"If a student disrupts class by arriving late and also commits academic dishonesty in 1. Syllabus 2023, what policies apply?",multi_condition_reasoning,yes,"Arriving late or leaving early disrupts the class, and academic dishonesty in any form results in a grade of zero.",1. Syllabus 2023.txt,"In the provided syllabus for the course on Federal Budgeting Process, there are two main policies that would apply if a student were to disrupt class by arriving late and also commit academic dishonesty:

1. **Class Attendance Policy**: The policy states ""Attendance is required. Building a community necessitates participation by its members. Consistent participation will ensure that we, as a group, grow together in our understanding of the federal bureaucracy."" More than two unexcused absences will result in a drop of at least one letter grade. Since the student has disrupted class by arriving late, they would be subject to this policy.

2. **Intellectual Responsibility Clause**: This clause states ""All students are expected to act in an ethical manner. Academic dishonesty in any form will not be tolerated and will result in a grade of zero."" If the student commits academic dishonesty, they would face a grade of zero for their work related to that instance.

Therefore, both policies apply: one for disrupting class by arriving late (which could lead to a drop in grades due to unexcused absences) and another for committing academic dishonesty.",1,6956,
Q051,"If a student needs to arrive late or leave early and also must avoid academic dishonesty in 1. Syllabus 2023, what should they understand?",multi_condition_reasoning,yes,"Late arrivals or early departures should be exceptions and require prior consultation, while academic dishonesty is not tolerated and results in a grade of zero.",1. Syllabus 2023.txt,"A student who needs to arrive late or leave early and is concerned about avoiding academic dishonesty should understand that both of these actions are important aspects of maintaining a high standard of integrity and fairness within the class community.

- **Arriving Late or Leaving Early:** When people arrive late or leave early, they disrupt the flow of the class. Therefore, it's best to be punctual unless there is an exceptional reason for being late or leaving early (which should be communicated in advance). This disruption can affect the learning environment and the ability of others to participate fully.

- **Avoiding Academic Dishonesty:** All students are expected to act ethically and honestly. Any form of academic dishonesty, such as plagiarism, cheating, or submitting someone else's work as their own, will not be tolerated. Students should ensure they understand what constitutes academic dishonesty and how to avoid it by following guidelines provided in the course materials and class policies.

In summary, punctuality is crucial for maintaining a smooth learning environment, while avoiding academic dishonesty ensures that all students are held to fair and ethical standards of conduct.",1,6956,
Q052,"If a student attends lectures but skips discussion sections in 101-f22-syll, what grading-related issue is stated?",multi_condition_reasoning,yes,"Lectures meet on Monday and Wednesday, but discussion sections are on Friday and include group problem solving and mini-assignments that constitute a sizeable part of the grade.",101-f22-syll.txt,"If a student attends lectures but skips discussion sections, the course requires participation in discussion sections as part of their grade. The syllabus states that ""Discussion sections are on Friday (check Spire to see the time/ location of your section) and you should make sure to attend these as you will be doing group problem solving and mini-assignments which constitute a sizable chunk of your grade."" Therefore, missing discussion sections could result in a lower grade due to the participation component that constitutes a significant portion of their overall grade.",1,10459,
Q053,"If a student cannot attend discussion in 101-f22-syll, what should they do and why?",multi_condition_reasoning,yes,"Discussion sections contribute to the grade, but if a student is absent, they should let the TA know so the TA can make an accommodation.",101-f22-syll.txt,"If a student cannot attend the discussion section for LINGUIST 101 (F) on Friday, they should inform their Teaching Assistant (TA) as soon as possible. This is important because at any time you feel like you are coming down with something, you should feel free to not come to section that day without being penalized. The TA will make an accommodation for the student if they let them know about the absence in advance. It's crucial to communicate with the TAs so they can assist and accommodate students who miss sessions due to unforeseen circumstances or personal reasons.",1,10459,
Q054,"If a student misses one homework assignment in 101-f22-syll, why could that matter for the course grade?",multi_condition_reasoning,yes,"Homework assignments make up 50% of the course grade, so missing one assignment could lower the grade considerably.",101-f22-syll.txt,"If a student misses one homework assignment out of ten, it could matter significantly for their course grade because homework assignments are a substantial portion (50%) of the total grade. Missing just one assignment could lower the overall grade considerably, as each missing assignment is penalized by losing 20% of the total points if submitted late. The extended due date allows students to submit assignments up until the beginning of the class period immediately following the original due date without incurring a penalty, but any submission after that point will result in a deduction of 20% from the assignment's score. No credit is given for assignments submitted after this extended deadline. Therefore, missing one homework could lead to a significant drop in the student's final grade if they do not make up the missed work on time or provide an acceptable reason for their absence.",1,10459,
Q055,"If homework is a large part of the grade in 101-f22-syll, how must assignments be submitted?",multi_condition_reasoning,yes,"Homework assignments make up 50% of the grade, and assignments must be typed and submitted electronically via Moodle in PDF format unless otherwise indicated.",101-f22-syll.txt,"Homework Assignments are a significant portion of the course grade (50%). All assignments must be typed and submitted electronically via Moodle in pdf format. Late assignments will be accepted as long as they are submitted at the beginning of the class period immediately following the due date, with a penalty of losing 20% of the total points if submitted after this extended due date. Exceptions can be made when you provide advance notice of religious observance or written documentation in case of serious illness or other compelling events.",1,10459,
Q056,What attendance penalty applies to more than two unexcused absences in 1. Syllabus 2023?,rule_understanding,yes,More than two unexcused absences result in a drop of at least one letter grade.,1. Syllabus 2023.txt,"More than two unexcused absences will result in a drop of at least one letter grade. Absences are excused if supported by an appropriate document (i.e., from the dean or doctor).",1,6956,
Q057,Under what condition are absences excused in 1. Syllabus 2023?,exception_handling,yes,"Absences are excused if supported by an appropriate document, such as documentation from the dean or a doctor.",1. Syllabus 2023.txt,"Absences are excused if supported by an appropriate document, such as from the dean or doctor.",1,6956,
Q058,What special-case rule applies to late arrivals or early departures in 1. Syllabus 2023?,exception_handling,yes,Late arrivals or early departures should be exceptions and should occur only with prior consultation.,1. Syllabus 2023.txt,"The course outline does not specify a particular rule for late arrivals or early departures, only that they should be an exception and only with prior consultation. There is no mention of any special-case rule regarding these behaviors.",1,6956,
Q059,What exception is stated to the PDF assignment submission requirement in 101-f22-syll?,exception_handling,yes,Assignments must be submitted in PDF format unless otherwise indicated.,101-f22-syll.txt,"The course schedule mentions an exception for religious observance. Students can provide advance notice of religious observance, which will be considered as a valid reason for submitting assignments late. No credit will be given for assignments submitted after the extended due date in such cases.",1,10459,
Q060,What accommodation is stated for a student's absence in 101-f22-syll?,exception_handling,yes,"The student will not be penalized for the absence if they let the TA know, and the TA will make an accommodation.",101-f22-syll.txt,"The course policy states that students will not be penalized for missing discussion sections. If you miss a section, just let your TA know and they will make an accommodation for you. No credit will be given for assignments submitted after the extended due date, but exceptions can be made when you provide advance notice of religious observance or written documentation in the event of serious illness or some other compelling event.",1,10459,
Q061,What disability accommodation statement is made in 101-f22-syll?,exception_handling,yes,Many accommodations are available at the university to ensure that students with disabilities participate fully in academic and student life.,101-f22-syll.txt,"The syllabus mentions that the University of Massachusetts provides accommodations for students with disabilities to ensure they participate fully in academic and student life. These accommodations are determined on an individual basis based on the student's documentation. Students who have a documented disability (such as physical, psychological, or learning) should inform their instructor as soon as possible so that appropriate accommodations can be made. For more information about course accommodation and disability services, students can contact Disability Services at <PHONE>, email: <EMAIL>, or visit https://www.umass.edu/disability/students.",1,10459,
Q062,What access goal is stated for students with disabilities in 101-f22-syll?,exception_handling,yes,Accommodations provide students with disabilities equal access to the educational and co-curricular process without compromising essential curriculum components.,101-f22-syll.txt,"The course materials and assignments are made available online via Moodle. Additionally, the instructor acknowledges that accommodations are available at the University to ensure that students with disabilities participate fully in academic life. Students who have a documented disability on file with Disability Services may be eligible for accommodations in this course. If you require any accommodations, please let the instructor know as soon as possible.

However, the specific access goal stated for students with disabilities is not explicitly mentioned in the provided syllabus. The syllabus outlines that accommodations are available and determined on an individual basis based on documentation, but it does not specify what these goals or objectives are.",1,10459,
Q063,How are accommodations determined in 101-f22-syll?,exception_handling,yes,Accommodations are determined on an individual basis based on the student's documentation.,101-f22-syll.txt,"Accommodations for students with disabilities at the University of Massachusetts (UMass) are determined on an individual basis, based on the student's documentation. If you have a documented disability and require accommodations, it is important to let the instructor know as soon as possible so that appropriate support can be provided. Disability Services provides equal access to the educational process without compromising essential components of the curriculum.",1,10459,
Q064,Who may be eligible for accommodations in 101-f22-syll?,exception_handling,yes,A student with a documented disability on file with Disability Services may be eligible for accommodations in the course.,101-f22-syll.txt,"Students with documented disabilities (such as physical, psychological, or learning disabilities) on file with Disability Services at the University of Massachusetts may be eligible for accommodations in this course. If you have a documented disability and require accommodations, please let the instructor know as soon as possible.",1,10459,
Q065,What should students with documented disabilities do if they require accommodations in 101-f22-syll?,exception_handling,yes,They should let the instructor know as soon as possible.,101-f22-syll.txt,"Students with documented disabilities who need accommodations in LINGUIST 101 (49624) F22-SYLL should contact Disability Services at the University of Massachusetts. They can reach out through phone: <PHONE>, email: <EMAIL>, or visit https://www.umass.edu/disability/students to discuss their needs and determine appropriate accommodations for this course. Students are encouraged to inform the instructor as soon as possible so that accommodations can be arranged in a timely manner.",1,10459,
Q066,Who should students contact for course accommodation and disability information in 101-f22-syll?,exception_handling,yes,Students should contact Disability Services for information about course accommodation and disability.,101-f22-syll.txt,"Students should contact Disability Services at the University of Massachusetts for course accommodation and disability information. The contact details provided are phone: <PHONE>, email: <EMAIL>, and https://www.umass.edu/disability/students.",1,10459,
Q067,What office must have a documented disability on file for accommodation eligibility in 101-f22-syll?,exception_handling,yes,The documented disability must be on file with Disability Services for the student to be eligible for accommodations.,101-f22-syll.txt,"Accommodations are available at the University to ensure that students with disabilities participate fully in academic and student life. They provide a student with a disability equal access to the educational and co-curricular process, without compromising essential components of the curriculum. Accommodations are determined on an individual basis, based on the student's documentation.

For this course, students who have a documented disability (e.g., physical, psychological, or learning) on file with Disability Services may be eligible for accommodations in LINGUIST 101-f22-syll. Students should let the instructor know as soon as possible if they have a documented disability and require accommodations.

Therefore, the office at the University of Massachusetts where students must have a documented disability on file to apply for accommodation eligibility is Disability Services.",1,10459,
Q068,What exception is stated for typed electronic PDF submissions in 101-f22-syll?,exception_handling,yes,Assignments must be typed and submitted electronically via Moodle in PDF format unless otherwise indicated.,101-f22-syll.txt,"The course policy states that no credit will be given for assignments submitted after the extended due date, which is the beginning of the class period immediately following the due date. Additionally, exceptions will be made when you provide advance notice of religious observance or written documentation in the event of serious illness or some other compelling event.

However, regarding typed electronic PDF submissions specifically, there are no exceptions stated in the provided syllabus. The syllabus only mentions that all assignments must be submitted in pdf format unless otherwise indicated and specifies a late submission policy with penalties for being late.",1,10459,
Q069,When may the stated PDF submission format not apply in 101-f22-syll?,exception_handling,yes,The PDF submission requirement may not apply when otherwise indicated.,101-f22-syll.txt,"The course requirements do not specify any instance where the PDF submission format would not apply. Therefore, based on the information provided in the syllabus, the PDF submission format should be used for all assignments unless otherwise indicated.",1,10459,
Q070,When will exceptions be made for religious observance or serious illness in 101-f22-syll?,exception_handling,yes,Exceptions will be made when the student provides advance notice of religious observance or written documentation for serious illness or another compelling event.,101-f22-syll.txt,"Exceptions for religious observance or serious illness will be made when you provide advance notice of religious observance and written documentation in the event of serious illness or some other compelling event. This information is provided in the course policy on academic dishonesty, which can be found at http://www.umass.edu/honesty.",1,10459,
Q071,What is the instructor's personal phone number?,unanswerable_insufficient_evidence,no,The provided course documents do not contain enough information to answer this question.,,The provided syllabus documents do not contain any information about the instructor's personal phone number.,191,12000,
Q072,What is the instructor's home address?,unanswerable_insufficient_evidence,no,The provided course documents do not contain enough information to answer this question.,,The provided syllabi do not contain information about the instructor's home address.,191,12000,
Q073,What is the exact final exam question that will appear on the exam?,unanswerable_insufficient_evidence,no,The provided course documents do not contain enough information to answer this question.,,"The provided syllabi do not contain information about specific final exam questions or any other details regarding exams, such as format, content, or grading criteria. Therefore, based solely on the given documents, I cannot answer what the exact final exam question will be.",191,12000,
Q074,What private medical condition does the instructor have?,unanswerable_insufficient_evidence,no,The provided course documents do not contain enough information to answer this question.,,"Based on the information provided in the syllabus documents, there is no mention of any private medical conditions that the instructor has. The documents do not provide enough information to answer this question.",191,12000,
Q075,What is the password for the course management system?,unanswerable_insufficient_evidence,no,The provided course documents do not contain enough information to answer this question.,,"The provided syllabus documents do not contain information about a course management system password or any details regarding access to such systems. Therefore, there isn't enough information in the given syllabi to answer this question.",191,12000,
Q076,What is the student's private GPA in this course?,unanswerable_insufficient_evidence,no,The provided course documents do not contain enough information to answer this question.,,"The provided syllabi do not contain any information about students' private GPAs. They only provide details about class policies, assignments, and objectives for the courses.",191,12000,
Q077,What is the instructor's personal bank account information?,unanswerable_insufficient_evidence,no,The provided course documents do not contain enough information to answer this question.,,The provided syllabus documents do not contain any information about the instructor's or anyone's personal bank account information.,191,12000,
Q078,What exact grade will a specific student receive at the end of the semester?,unanswerable_insufficient_evidence,no,The provided course documents do not contain enough information to answer this question.,,"Based on the information provided in the syllabus documents, there isn't enough detail to determine exactly what grade a specific student will receive at the end of the semester. The grading structure is outlined, but no individual's performance or final grades are specified. Students' final grades would be determined based on their participation, writing assignments, and presentations as per the assessment criteria provided in the syllabus.",191,12000,
Q079,What private email messages did students send to the instructor?,unanswerable_insufficient_evidence,no,The provided course documents do not contain enough information to answer this question.,,"Based on the information provided in the syllabus documents, there is no mention or indication of private emails that students sent to the instructor. The syllabi do not provide details about any private communications between students and instructors beyond general class policies and expectations for communication.",191,12000,
Q080,What is the answer key for all future exams?,unanswerable_insufficient_evidence,no,The provided course documents do not contain enough information to answer this question.,,"Based on the provided syllabus information, there is no mention of any exams or exam answers. The syllabi only provide details about assignments, presentations, and class policies related to a federal budgeting course. There is no section dedicated to exam keys or answer sheets. Therefore, the documents do not provide enough information to determine what the answer key for all future exams would be.",191,12000,
